{"cameraMode":{"drawMode":0,"name":"Shaded","section":"Shading Mode"},"sceneLighting":false,"audioPlay":false,"sceneViewState":{"showFog":true,"showMaterialUpdate":true,"showSkybox":false,"showFlares":true,"showImageEffects":true,"showParticleSystems":true},"in2DMode":false,"pivot":{"x":94.98178100585938,"y":1.2890334129333497,"z":0.6899999380111694},"rotation":{"x":-0.49939990043640139,"y":0.0007807132205925882,"z":-0.000463611853774637,"w":-0.8663866519927979},"size":2.735591411590576,"orthographic":false}