{"cameraMode":{"drawMode":0,"name":"Shaded","section":"Shading Mode"},"sceneLighting":false,"audioPlay":false,"sceneViewState":{"showFog":true,"showMaterialUpdate":true,"showSkybox":false,"showFlares":true,"showImageEffects":true,"showParticleSystems":true},"in2DMode":false,"pivot":{"x":103.02067565917969,"y":1.217465877532959,"z":2.0},"rotation":{"x":0.15745896100997926,"y":-0.10348417609930039,"z":0.016611138358712198,"w":0.9819605946540833},"size":2.6717052459716799,"orthographic":true}