{"cameraMode":{"drawMode":0,"name":"Shaded","section":"Shading Mode"},"sceneLighting":false,"audioPlay":false,"sceneViewState":{"showFog":true,"showMaterialUpdate":true,"showSkybox":true,"showFlares":true,"showImageEffects":true,"showParticleSystems":true},"in2DMode":false,"pivot":{"x":102.103515625,"y":39.93251037597656,"z":-24.17987060546875},"rotation":{"x":-0.04207463189959526,"y":-0.8674336671829224,"z":0.03028842806816101,"w":-0.49485281109809878},"size":164.6102294921875,"orthographic":false}