{"cameraMode":{"drawMode":0,"name":"Shaded","section":"Shading Mode"},"sceneLighting":false,"audioPlay":false,"sceneViewState":{"showFog":true,"showMaterialUpdate":true,"showSkybox":false,"showFlares":true,"showImageEffects":true,"showParticleSystems":true},"in2DMode":false,"pivot":{"x":22.584087371826173,"y":1.1261975765228272,"z":68.66204071044922},"rotation":{"x":-0.035508282482624057,"y":-0.9458879232406616,"z":0.3028882145881653,"w":-0.1108928769826889},"size":3.8008241653442385,"orthographic":false}