{"cameraMode":{"drawMode":0,"name":"Shaded","section":"Shading Mode"},"sceneLighting":false,"audioPlay":false,"sceneViewState":{"showFog":true,"showMaterialUpdate":true,"showSkybox":false,"showFlares":true,"showImageEffects":true,"showParticleSystems":true},"in2DMode":false,"pivot":{"x":-7.524499416351318,"y":0.8236659169197083,"z":7.799068450927734},"rotation":{"x":0.1627204269170761,"y":-0.7266232371330261,"z":0.1842968612909317,"w":0.6415490508079529},"size":1.635919451713562,"orthographic":false}